method,epoch,train_loss_mean,train_loss_std,train_acc_mean,train_acc_std,test_loss_mean,test_loss_std,test_acc_mean,test_acc_std
full,1,2.018045625,0.02207788678915792,0.27252000000000004,0.006171569222383121,1.6966228841145832,0.08501061416283306,0.37250000000000005,0.025924634359363048
full,2,1.5058342187500002,0.03546295493155093,0.4458666666666667,0.014070501846850462,1.37438583984375,0.028665489423849753,0.49303333333333327,0.011350868787111525
full,3,1.1995214322916665,0.02147482968308554,0.5673400000000001,0.007495972251816316,1.1640849283854167,0.04588230070018395,0.5934666666666667,0.015528969344064277
full,4,0.9718347135416666,0.02769489185566878,0.6547733333333333,0.009480398491390318,1.0434110026041665,0.16066609968993548,0.6447666666666666,0.044822340659789524
full,5,0.8009595572916667,0.023493852413821036,0.7196533333333334,0.008664507423327025,0.79299931640625,0.02521533715596011,0.7293333333333334,0.014058528451520882
full,6,0.6780672656250001,0.01349087923005401,0.7636266666666667,0.005419085613725705,0.7212250813802084,0.003876667342911603,0.7508333333333334,0.0013912424503139747
full,7,0.5981543880208333,0.008430145003123907,0.7932866666666668,0.0032199930986813777,0.6419242024739583,0.049595155206595236,0.7797999999999999,0.019859674384709015
full,8,0.5521584114583332,0.004152997614485997,0.8092133333333335,0.0012411106137470511,0.6723972819010416,0.07089615770861561,0.7730333333333334,0.021686452504322204
full,9,0.51595,0.008994011680388998,0.8225399999999999,0.0031030737449610586,0.7091401692708333,0.06385361648796738,0.7690666666666667,0.016896021885507737
full,10,0.48705757812499995,0.0028135263817287183,0.8323199999999998,0.0013997142565538513,0.624997216796875,0.07291806310198988,0.7896000000000001,0.022987097830449693
full,11,0.46437960937500006,0.005102034233848712,0.84038,0.0018418107032664212,0.6081725911458333,0.02084544530797517,0.7973666666666667,0.006126626768096428
full,12,0.4438330598958333,0.005596753751385106,0.8481533333333333,0.0011843798189582185,0.5341976888020833,0.052040396094896184,0.8189000000000001,0.019396391416962085
full,13,0.42748335937500004,0.00467530149611657,0.8537533333333333,0.001482010646235601,0.5620598307291668,0.048753448937579776,0.8111333333333333,0.017184747759439366
full,14,0.40906398437499997,0.0035973464334285656,0.8601266666666666,0.0015329564754276318,0.5960545247395833,0.1129912907626645,0.8048666666666667,0.033781684715570685
full,15,0.39707895833333334,0.005845612201404542,0.8637333333333332,0.0019246009687436598,0.5935392903645833,0.06496834203878957,0.8064666666666667,0.013350239282083629
full,16,0.38218285156250004,0.0008303808473734224,0.8693533333333333,0.0004170797951897769,0.5074003824869792,0.0934775571297282,0.8290666666666665,0.029662583988737216
full,17,0.36755162760416665,0.002687553847482694,0.87468,0.0007605261336732516,0.482899609375,0.023747422945481406,0.8393333333333333,0.004882849805413023
full,18,0.35552721354166666,0.0017906748290852249,0.87848,0.0007570116687783924,0.4460091634114583,0.029943196175078644,0.8536,0.005941941321375252
full,19,0.33696315104166663,0.0020132948481437233,0.8855533333333335,0.0010852137526261346,0.5592300944010417,0.09735558318666163,0.8202333333333334,0.028053559885016777
full,20,0.32620275390625003,0.0029895669806446206,0.8888199999999999,0.0010614455552060316,0.49050192057291664,0.030978722464526445,0.8381666666666666,0.01102915328673157
full,21,0.31204182291666666,0.003934551752689441,0.8934333333333333,0.001895984059942394,0.5355378255208333,0.07307031296381988,0.8306999999999999,0.021676869392665245
full,22,0.30033823567708334,0.004912139330082126,0.8969533333333333,0.0023041604882376196,0.50910986328125,0.08418568317869556,0.8395333333333334,0.020100469867365994
full,23,0.28850722005208335,0.0004623486878830047,0.90108,0.0004403029260255497,0.45072602539062495,0.06760446221494411,0.8507666666666666,0.022513156647219066
full,24,0.2796387890625,0.0010586473703315437,0.9041133333333332,0.00027824849006280613,0.44691453450520835,0.008539695194867681,0.8564333333333334,0.0035311313893551075
full,25,0.2628771940104167,0.0016985558727339101,0.9097400000000001,0.0014046589147072913,0.48642158203125,0.027515737118193846,0.8442999999999999,0.009137103844581497
full,26,0.25372197916666667,0.0023061223484309675,0.9129866666666667,0.000867230585766483,0.37776329752604165,0.022746006489451215,0.8748333333333332,0.004840339749324272
full,27,0.23447608723958335,0.003424957389337539,0.9189799999999999,0.0015897169559390184,0.3746643229166667,0.02622221311318064,0.8762333333333333,0.009973743307081628
full,28,0.22362967447916668,0.0016854019001430573,0.9223400000000002,0.0008636357256775943,0.35175804850260417,0.009968657089811582,0.8832333333333334,0.00506315667894598
full,29,0.20864891276041667,0.0024988893127196135,0.9289,0.00036110940170533976,0.36777215983072914,0.013321392865461643,0.8800666666666667,0.0029803057263009824
full,30,0.19524401692708335,0.0020651375664760443,0.9332466666666667,0.000843853594463459,0.4148423177083333,0.02616233831709973,0.8691999999999999,0.005435071296680494
full,31,0.18298401041666668,0.004187677296219403,0.9375,0.0018953275882197015,0.3295255126953125,0.017401561123290527,0.8936999999999999,0.0045701932854822205
full,32,0.1668626497395833,0.0019950699957155594,0.9421666666666667,0.0007200617257491687,0.35110069986979164,0.01622379488427627,0.8874,0.006388009601328612
full,33,0.14936922526041665,0.0033307344209225465,0.94868,0.0012206009448901265,0.32065844726562504,0.019697140591841283,0.8996999999999998,0.005635601121442117
full,34,0.135936943359375,0.00245291870094639,0.9533333333333333,0.0006093347921207849,0.32092830403645833,0.03160972205681527,0.9008333333333333,0.00763078560103012
full,35,0.1220659375,0.0013674415325518755,0.9577533333333333,0.0002472964932132067,0.3005318196614583,0.03434103716925584,0.9067,0.0080428021650832
full,36,0.10493072591145834,0.0012125502187897146,0.9641933333333332,0.00020741798914805204,0.2984241780598958,0.00626628653430406,0.9086,0.002174089847882699
full,37,0.08898158203125,0.001994529234157351,0.97004,0.0007355723395198519,0.28237734374999995,0.010577664592045082,0.9138999999999999,0.0011224972160321974
full,38,0.07613613444010416,0.0017491450015675902,0.9745666666666666,0.0007172788083366902,0.27598231608072915,0.015124595810877094,0.9186666666666667,0.003368811198166032
full,39,0.060623785807291664,0.0006375145497417401,0.9798,2.828427124749019e-05,0.27290683593750004,0.01228001473901671,0.9221,0.0018832595855767193
full,40,0.047419228515625,0.0007800820482435856,0.9846133333333333,0.0005960611452601968,0.24904695638020835,0.007514358030827791,0.9270666666666667,0.002099735433069825
full,41,0.037966036783854164,0.0004713714450303798,0.9879533333333334,0.0002472964932132067,0.24007786458333333,0.00747699517769128,0.9309,0.0015121728296284714
full,42,0.02717936360677083,0.0005171006471108312,0.9919733333333333,0.0002704728370013389,0.2313471842447917,0.007870658629029938,0.9326666666666666,0.0023041026211713797
full,43,0.021157890625,0.001603227614423356,0.9936266666666667,0.0006413180871368711,0.2256406982421875,0.0018040302240068292,0.9368,0.0012961481396815322
full,44,0.016066325276692706,0.0003987294446811771,0.9954199999999999,0.00020396078054369038,0.22215015462239585,0.0039325808488730775,0.9373,0.0005887840577552129
full,45,0.012108628743489584,0.0009261121869757152,0.9971599999999999,0.00036805796644912903,0.21751774902343748,0.007810859583052523,0.9399333333333333,0.0014007934259633635
full,46,0.009918760375976563,0.00024788451353589103,0.9977133333333333,0.0002015495527710927,0.2155787109375,0.007099239173804643,0.9402666666666667,0.001126449683247733
full,47,0.008575196329752606,0.0003057250198626476,0.9982333333333333,0.0001146976702272594,0.21619618326822918,0.006710408488146943,0.9395333333333333,0.0014337208778404606
full,48,0.007940022989908854,0.00018433341857700076,0.9984666666666667,6.182412330328271e-05,0.21444428710937502,0.006849649860228709,0.9408333333333333,0.0017249798710580776
full,49,0.007185548095703125,0.00039826391100165155,0.9987666666666666,8.379870059983905e-05,0.21383538411458333,0.0057413886574250875,0.9409000000000001,0.001283225103661341
full,50,0.007175798950195312,0.00018890631196712775,0.9987133333333333,9.843215373484992e-05,0.2143322998046875,0.006282131191079033,0.9406666666666667,0.0014884742374510888
random,1,2.1545961979166663,0.050526581159661105,0.23028,0.01684147261969689,1.7498309244791665,0.08541608874956334,0.32853333333333334,0.040312639319311366
random,2,1.6032545833333334,0.026455307886817093,0.40154666666666666,0.012754265517421572,1.59647060546875,0.09414155072371695,0.4378333333333333,0.019893438337524477
random,3,1.37132203125,0.027345108557619468,0.49664,0.013767246154066791,1.3659153645833335,0.0330096002572032,0.5073666666666666,0.014659088951530643
random,4,1.1794572395833336,0.026975937555382863,0.57124,0.012149469124204566,1.20195263671875,0.009227027063865008,0.5753333333333334,0.0071899621386732945
random,5,1.0217040624999998,0.02241543683845696,0.634,0.010181132877370122,1.1620151041666666,0.05770631234672804,0.5933,0.010994847278005575
random,6,0.8984395052083333,0.024052590945389873,0.6792666666666666,0.010559511773225559,1.0297972330729168,0.05383080890818841,0.6425000000000001,0.012053491886862765
random,7,0.7930292968749999,0.02898627211341112,0.7209733333333334,0.010544652146414753,0.8883299479166666,0.04817859112446024,0.6897333333333333,0.014862106924061006
random,8,0.719195703125,0.02387449296984245,0.7466933333333333,0.009584283431164195,0.8565860026041667,0.0505644291321721,0.7086666666666667,0.012071269840226214
random,9,0.643452890625,0.015444162073973275,0.7784133333333333,0.005070419662666539,0.9264510742187501,0.11174554527014494,0.6872333333333334,0.02434424412920274
random,10,0.5991077604166667,0.015439998048124497,0.7909999999999999,0.005766200366503645,0.7477852864583333,0.02017967227500861,0.7469666666666667,0.010926522268722526
random,11,0.5515585807291666,0.01503832285262898,0.8085333333333334,0.005360630145379925,0.6535648600260417,0.08182920033874587,0.7779666666666668,0.022932558126432846
random,12,0.5183948046875,0.01055785390667947,0.8204400000000001,0.003988917981942817,0.7317659016927083,0.049761803150788986,0.7571666666666667,0.014492373473275139
random,13,0.49035007812500003,0.012327282320461609,0.83076,0.0061784140359804375,0.6391791503906249,0.034186007447447736,0.7845666666666667,0.011926534376013096
random,14,0.46440649739583334,0.011279932616793846,0.8391333333333333,0.005537396098849657,0.7031104817708332,0.06753654888337343,0.7716,0.02194356397671082
random,15,0.44121290364583327,0.012160240700720875,0.8485066666666666,0.004139479301662067,0.6246371419270833,0.06310157990018501,0.7916,0.02098777421897488
random,16,0.4161398046875,0.010093280075399703,0.8554400000000001,0.002314706604878156,0.7048234049479166,0.036242038623478176,0.7733,0.013009996156801866
random,17,0.39906623697916666,0.007123363195489693,0.8624133333333334,0.0018305069121845826,0.6083414550781251,0.033137922400731434,0.7993333333333333,0.008712188142035386
random,18,0.38818005208333334,0.0011658847438119231,0.8654000000000001,0.0006256729710213593,0.6328072428385417,0.08751151425293016,0.7938333333333333,0.026571329578241952
random,19,0.36132110677083334,0.005636397893849147,0.8753066666666666,0.0020030199422094684,0.5625220377604166,0.018566449909725564,0.8117333333333333,0.004644949467492156
random,20,0.34856378906249996,0.004698202914651299,0.8799466666666667,0.0012925770984957069,0.6253303059895834,0.16936760712225285,0.8024333333333334,0.04172971230297294
random,21,0.3275386653645833,0.007187655246538892,0.8872,0.0031994999609314067,0.622509814453125,0.05272207056584746,0.8032,0.012602645224978209
random,22,0.3153976953125,0.005328613354115593,0.8909199999999999,0.002109281078155944,0.6317329915364583,0.11321419117631158,0.8028666666666666,0.03417653516018785
random,23,0.29248865234375,0.003861380112385285,0.899,0.0018506935636853977,0.51660546875,0.0632343841604131,0.8345333333333333,0.018840441136614136
random,24,0.2777282942708333,0.013503909709920974,0.9040533333333333,0.004457243792100918,0.5065190266927083,0.03550287271312305,0.8363666666666667,0.010135526078546127
random,25,0.2645778450520833,0.0076725705707268695,0.9073466666666666,0.003235854687027159,0.5088125325520833,0.06649893511622644,0.8403999999999999,0.016838843982490796
random,26,0.2441746940104167,0.007006205066244551,0.91628,0.00336776879649815,0.5555670735677083,0.04451123122141505,0.8268999999999999,0.011559700111450409
random,27,0.23185826822916666,0.0062747194678090855,0.9200666666666667,0.002468863886262022,0.4630389973958333,0.03372211582236619,0.8527666666666667,0.01096458946893236
random,28,0.21045758463541664,0.003167710604164142,0.9277466666666667,0.0017987650084309492,0.5481567057291666,0.08370500698588759,0.8312333333333334,0.02117645442991394
random,29,0.19783837239583332,0.008149043478041977,0.9320133333333334,0.0029987256552668237,0.44367633463541667,0.026362826250472336,0.8612333333333333,0.003492213560989003
random,30,0.17720600260416666,0.004424668575665217,0.9391333333333334,0.0011172983288072562,0.48919091796874997,0.033949363096117104,0.8537666666666667,0.00878420299299954
random,31,0.15970520182291667,0.004436443875642367,0.9451333333333333,0.0010853366093316768,0.4939758626302084,0.07307125010832978,0.8532000000000001,0.015065855435387682
random,32,0.14547413085937502,0.0008960285940475344,0.9495733333333334,0.0007840634894927682,0.471222705078125,0.024335294705330707,0.8569333333333334,0.007191816336797122
random,33,0.12226122395833335,0.009028843330424247,0.9577466666666666,0.0037445545648166143,0.44699926757812497,0.02503616934732063,0.8711666666666668,0.004619764303752117
random,34,0.10798338216145835,0.0024029821419696354,0.96256,0.0008787870428418038,0.4303347737630208,0.01923851421778076,0.8755333333333333,0.005319983291535998
random,35,0.091298251953125,0.002412039856085332,0.9688933333333333,0.0010360609162699808,0.42356575520833334,0.022959406985155358,0.8799666666666667,0.0034422215049134874
random,36,0.08020505533854166,0.005260939932668758,0.9735466666666667,0.0020030199422094892,0.39585218098958336,0.01419680285563634,0.8883333333333333,0.0018445113776342813
random,37,0.064842802734375,0.0011561589605489674,0.9789599999999999,0.00031496031496049603,0.38032380371093755,0.015505612894080385,0.8921666666666667,0.0020072092289766296
random,38,0.049060887044270834,0.004078781453860651,0.9836133333333333,0.0015183616901852824,0.37211625976562496,0.01761999816942287,0.8974000000000001,0.0038218669085496194
random,39,0.03784904296875,0.003298739372104756,0.9876800000000001,0.0012849902723367273,0.3792096842447917,0.02061743472746545,0.8973333333333334,0.004699172503986425
random,40,0.03192584635416666,0.0005919297762136964,0.9902266666666666,0.0001675974011996781,0.36398622233072914,0.021696639321821403,0.9026333333333335,0.004365266951236249
random,41,0.02220694091796875,0.0009098528801260507,0.9940000000000001,0.0003115552385479426,0.35403045247395837,0.009586912244238943,0.9066666666666666,0.002499777767900343
random,42,0.01827774129231771,0.0006619810908332378,0.9951466666666667,0.0004249967320135958,0.35241678059895837,0.007749895108711209,0.9073000000000001,0.0014988884770611316
random,43,0.014014402669270834,0.00044005020217050954,0.99648,6.531972647423808e-05,0.34467590332031245,0.009414056329136854,0.9094333333333333,0.0016679994670929113
random,44,0.01144725626627604,0.0007601853159537587,0.9976133333333334,0.00033993463423948153,0.34095744628906255,0.007976418274470078,0.9101333333333333,0.0007408703590297707
random,45,0.009492376505533855,0.0009564970962440489,0.9983066666666667,0.00041354833118055365,0.3386969970703125,0.011273139406696855,0.9114666666666666,0.0014817407180595162
random,46,0.008355386759440102,0.0004604694414350242,0.9985200000000001,0.00016329931618557254,0.3400900553385417,0.010452061874891502,0.9119333333333334,0.0006548960901462583
random,47,0.007945456746419272,0.0004720046230875531,0.9986933333333333,0.0003771236166327839,0.33641723632812504,0.01106986538510186,0.9127000000000001,0.0016062378404208624
random,48,0.007358663736979167,0.0006455876302671602,0.9988400000000001,0.000261278905896907,0.33815234375000003,0.009933940712203047,0.9126333333333333,0.0007845734863959913
random,49,0.0074295499674479175,0.0004468272966914896,0.9988000000000001,0.00022861904265975233,0.33497276204427084,0.012546679358539906,0.9132333333333333,0.0014839886193034457
random,50,0.006699491373697916,0.0004119690500049907,0.9990933333333333,0.00021746008573731375,0.3398001871744792,0.011012000283695228,0.9124666666666666,0.0008498365855987909
el2n,1,2.117772395833333,0.1539317645780605,0.28675999999999996,0.04678223024468443,2.09362265625,0.09724904054928439,0.30906666666666666,0.04917223697259348
el2n,2,1.3473322395833334,0.17487159588472634,0.5093466666666667,0.06574090828564982,1.8071409505208333,0.007423167637456225,0.416,0.029702861814983432
el2n,3,0.9313806510416667,0.18876451048871795,0.6644133333333334,0.06897546874714874,1.7458656901041667,0.07972073785513664,0.4790666666666667,0.038695420343440576
el2n,4,0.6153574739583333,0.14566341951163986,0.7800533333333334,0.05493533006079868,1.598337890625,0.04951095637382516,0.5518,0.028490466241651198
el2n,5,0.41542061197916674,0.102680304517545,0.8532533333333333,0.03722144662541869,1.63106357421875,0.15045499395931328,0.5790333333333333,0.009765358274135286
el2n,6,0.2912781575520833,0.06643689525891824,0.89792,0.02291007347580244,1.5249744140625001,0.21303967497386728,0.6302,0.03684679995151097
el2n,7,0.20972083333333333,0.03585728426760374,0.9270266666666668,0.012133582415025759,1.5150548828125,0.1290974113729558,0.6461333333333333,0.011549699370786945
el2n,8,0.15999464192708332,0.030912181192847412,0.9443866666666666,0.010654993612803794,1.3833006184895833,0.025401512510633953,0.6725333333333333,0.009042983775035537
el2n,9,0.12997192057291668,0.022207364524777264,0.9551466666666667,0.007752527903135147,1.481515234375,0.017646490411816068,0.6704666666666667,0.01150690613887544
el2n,10,0.10491920572916667,0.015934830027461305,0.9638933333333334,0.005876718661142613,1.4155341471354166,0.14218627194634467,0.6837333333333334,0.027301078529774047
el2n,11,0.08623202148437499,0.010438743617054665,0.9702800000000001,0.0033381831385750666,1.3649860351562502,0.19168077259032668,0.6944,0.02694475830286846
el2n,12,0.07171240559895833,0.007123422819167029,0.9756533333333334,0.002568804304643592,1.2102411783854166,0.04463660807721867,0.7203333333333334,0.003026916289265741
el2n,13,0.06173139485677084,0.007268878289244177,0.9790266666666666,0.0025027629177016126,1.2800056315104167,0.20349598022465318,0.7216666666666667,0.022621278085515478
el2n,14,0.058772998046875004,0.006397762483781314,0.9800266666666667,0.0025475391175712307,1.21410947265625,0.08082870963201234,0.7287666666666667,0.012471924025140945
el2n,15,0.054220777994791663,0.007016555885604765,0.98224,0.002950796502641262,1.18155078125,0.06078743981095559,0.7358333333333333,0.002455379581427022
el2n,16,0.04693158040364583,0.0028325425933793946,0.9844266666666668,0.000641941499584546,1.2032139648437499,0.06294389380734451,0.7262666666666666,0.012135439377661143
el2n,17,0.050944326171875,0.0012193942444255633,0.9830800000000001,0.0008019975062305471,1.1603447916666665,0.06898321230694106,0.7390666666666666,0.008839431857057073
el2n,18,0.04318783610026042,0.0034076488557320656,0.9859733333333333,0.0015561776533830822,1.2140980143229168,0.15354156574193153,0.7347333333333333,0.02591940500002952
el2n,19,0.03976152262369791,0.00353120051257042,0.9871333333333334,0.0010391449476479494,1.2604363281250002,0.10694837267774396,0.7300333333333334,0.0032724438710066395
el2n,20,0.04020425944010417,0.003230514961411755,0.9872666666666667,0.0011731818083977866,1.1093966471354166,0.0442472600853242,0.7489333333333333,0.008754554370281909
el2n,21,0.039029571126302086,0.0006761033158869257,0.98772,0.0007207403600927713,1.1955484700520833,0.14892073041916024,0.7364333333333333,0.02007923194635579
el2n,22,0.03055724527994792,0.005025769403510324,0.9906800000000001,0.001804291181230627,1.0365950195312499,0.00881108580187858,0.7594666666666666,0.0016579773487261442
el2n,23,0.030112388509114584,0.0025042819681590864,0.99076,0.0009622196561423524,1.0544591471354168,0.05386169838731681,0.7585666666666667,0.008778888818574287
el2n,24,0.026058622233072915,0.003632893110274477,0.9922933333333335,0.0013024421505600514,1.1260895833333333,0.07775240616816598,0.7535666666666666,0.005510192575783734
el2n,25,0.02855814615885417,0.005486579181915106,0.9911466666666667,0.0015681269789855365,1.0819978841145834,0.08413276983951268,0.7620666666666667,0.014662954075568177
el2n,26,0.02460451944986979,0.004575466148074751,0.9926533333333333,0.0015375593936134229,1.1549845377604167,0.16631746145615284,0.7499666666666668,0.014539677514381864
el2n,27,0.016201876627604167,0.002443974797921014,0.99524,0.00107925900505854,1.08614365234375,0.05959019261390233,0.7553333333333333,0.010469107995537288
el2n,28,0.017743760172526043,0.003631539783576927,0.99504,0.0010466454350288195,0.9965504557291668,0.05289831183385355,0.7719999999999999,0.007316192087873748
el2n,29,0.014993258056640625,0.0021801525170424977,0.9960266666666667,0.0005555377774933487,0.9728798828124999,0.03876768314849916,0.7796666666666666,0.004631294515455596
el2n,30,0.010520046793619791,0.0028525384578800108,0.9973466666666667,0.001037604077778348,0.9349217122395833,0.023932349575831884,0.7871666666666667,0.0043399948796692565
el2n,31,0.010217161458333334,0.0019810874667245495,0.9975333333333333,0.0007349074015744328,0.8871879557291665,0.06984683220994556,0.7961333333333332,0.013507857795454537
el2n,32,0.009019517008463542,0.002672473595700407,0.99768,0.0009835988342137634,0.9077651041666667,0.07835416571238038,0.7917,0.015079345697564844
el2n,33,0.006482310892740885,0.0017592877380875446,0.9986666666666667,0.0005808805576211063,0.8553265950520833,0.05395998688138535,0.8033666666666667,0.010817989133332
el2n,34,0.004458603719075521,0.00039913956306107543,0.9992666666666666,0.00017987650084309,0.8626765950520833,0.013893123841591679,0.8027333333333333,0.006247310532452255
el2n,35,0.003573175252278646,0.0008677468518267285,0.9996533333333333,0.00017987650084309273,0.8011543782552083,0.02022935664538546,0.8117666666666666,0.0028075295585660797
el2n,36,0.0026769940185546875,0.0005412056878096402,0.9996933333333334,0.00014727148022917338,0.8157190755208333,0.028153592387314404,0.8119666666666667,0.004964093293061893
el2n,37,0.0030742442321777344,0.0007638708634236363,0.9996533333333333,0.0002362672686222562,0.7851737955729167,0.020804805422748037,0.8137333333333334,0.003955024933198546
el2n,38,0.001983559773763021,0.000273324834361356,0.9999466666666667,4.988876515698632e-05,0.7752443033854166,0.031197584253517652,0.8164000000000001,0.005657443474456172
el2n,39,0.0018473641459147135,3.3391526104865516e-05,0.9999199999999999,3.265986323709638e-05,0.7731435709635416,0.02573670683280818,0.8155333333333333,0.005539153565502803
el2n,40,0.0018191674296061198,0.0001611629029982947,0.9998933333333332,6.798692684788469e-05,0.7714556640625,0.031719990963442475,0.8182,0.006354525946126907
el2n,41,0.001829066619873047,9.68909273644073e-05,0.9999066666666666,3.771236166326791e-05,0.7667099121093749,0.022532252930476206,0.8181666666666666,0.005007549855523713
el2n,42,0.0016840158081054687,9.624324491088125e-05,0.9999466666666667,1.885618083160779e-05,0.7582301106770833,0.025439559949789633,0.8185666666666668,0.005125968743130958
el2n,43,0.0015962901814778648,8.798411231076512e-05,0.9999733333333333,1.8856180831660125e-05,0.7680283365885416,0.02601918509947775,0.8159666666666666,0.006017936154160795
el2n,44,0.0015224479675292968,7.072031391503531e-05,0.9999866666666666,1.8856180831660125e-05,0.7561932779947916,0.034271475297822714,0.8199,0.007351643807113236
el2n,45,0.0015562670389811198,9.941563538303927e-05,0.9999866666666666,1.8856180831660125e-05,0.7558588053385417,0.03068204148961939,0.8188333333333334,0.005468901982015119
el2n,46,0.0014764388020833332,2.161970153355358e-05,0.9999733333333333,1.8856180831660125e-05,0.75750771484375,0.028033174636838028,0.8183666666666666,0.00720755776174488
el2n,47,0.0015451836140950523,0.0001336033079259868,0.9999733333333333,3.771236166326791e-05,0.7552228027343749,0.025097988316006778,0.8191333333333333,0.004446221866808843
el2n,48,0.0015028522237141926,7.817998990582632e-05,0.9999600000000001,3.265986323709638e-05,0.7541884602864584,0.022697723683468642,0.8190666666666667,0.005104464277037878
el2n,49,0.0014871544901529949,0.0001533167924222952,0.9999866666666666,1.8856180831660125e-05,0.7626752441406249,0.024569948110655025,0.8176333333333333,0.006462369706401969
el2n,50,0.001502450714111328,5.051650357045312e-05,0.9999866666666666,1.8856180831660125e-05,0.7576166666666667,0.029859846725778794,0.8188,0.006531462317123172
forget,1,2.172579635416666,0.06363113977944337,0.2709066666666667,0.011845329131021319,1.8653125651041667,0.043513087736394826,0.2996666666666667,0.015786562499656334
forget,2,1.4692864583333334,0.12860363147169382,0.47013333333333335,0.0430912747033034,1.59071884765625,0.09727761387201618,0.4290333333333334,0.031743380762329375
forget,3,1.1257413802083334,0.13767720103012454,0.60544,0.05085704933110713,1.404267513020833,0.14015692183474857,0.5172,0.04934558406450031
forget,4,0.8700443229166667,0.12383169137505755,0.7047599999999999,0.04523490097995867,1.3205533528645832,0.11224450598511473,0.5702333333333334,0.02455908974064164
forget,5,0.7008650130208333,0.12259642625159768,0.7710133333333333,0.0421288985007784,1.5191061197916664,0.3347322425237321,0.5440333333333333,0.07048575900295193
forget,6,0.5648649869791667,0.10427989481492703,0.8185333333333333,0.03682696596547455,1.1331017252604167,0.09375311663999908,0.6445333333333334,0.0342199097342793
forget,7,0.46790559895833334,0.09025231500843761,0.85272,0.02862090611190827,1.0271124674479166,0.1371556377915258,0.6819333333333333,0.027930548787225003
forget,8,0.40363645833333334,0.07211732903433292,0.8744399999999999,0.023471605540879938,0.96410986328125,0.03184279494850277,0.6995999999999999,0.010141991914806494
forget,9,0.3519533723958333,0.05847620622823387,0.8908133333333333,0.019796735982367284,0.9115768229166666,0.025658015158558433,0.7174333333333333,0.007530087796448467
forget,10,0.3058784049479167,0.048684627204877165,0.9055466666666666,0.016862244479572956,1.0785295247395832,0.2474781225252415,0.6898666666666666,0.04131515729393057
forget,11,0.28225973958333334,0.033242506563115976,0.9146000000000001,0.011870411394162696,0.835194970703125,0.07029405011672378,0.7342333333333334,0.018107150214456438
forget,12,0.263415234375,0.030345033148718493,0.91988,0.009511761140819266,0.8838859375,0.02475643060020106,0.7313333333333333,0.00906617645733611
forget,13,0.2473303125,0.028030151521384584,0.92496,0.009267635440966947,0.7533110514322917,0.0820567557582855,0.7640666666666668,0.02305852457455931
forget,14,0.22864529296875002,0.024210007735740533,0.93092,0.007405295402615607,0.9073449218749999,0.11410010703739623,0.7261666666666667,0.03192912289570273
forget,15,0.21749619791666666,0.0204871707909288,0.9344933333333333,0.0061685078332518435,0.8361620279947917,0.03909315224467423,0.7427,0.01522103807235233
forget,16,0.208895625,0.02027544871844777,0.9366533333333334,0.006363758498106471,0.8038120279947917,0.07922853028220647,0.7632,0.0156922486172845
forget,17,0.19306767578124998,0.017717459464439707,0.9420133333333333,0.005182980695399954,0.8300792317708332,0.10219798234319435,0.7553000000000001,0.02553833719463088
forget,18,0.1846909765625,0.017052518435743538,0.9441866666666666,0.006034066253825481,0.7485275065104166,0.059876363087316004,0.7738333333333333,0.012570423841524002
forget,19,0.18184623697916666,0.015595814634303252,0.9442933333333334,0.005657639869140579,0.7314341471354165,0.038751836509261006,0.7784666666666666,0.011365542466400636
forget,20,0.17041795247395833,0.011570006648512989,0.9480133333333334,0.004597081199582545,0.8431390462239583,0.0796525872479268,0.7537333333333334,0.019399369978315154
forget,21,0.16611826822916664,0.01874458858446078,0.94864,0.007437275486807459,0.6936986002604167,0.059815673100684925,0.7916666666666666,0.01826040038504693
forget,22,0.15633069010416667,0.00921941472832603,0.9510266666666666,0.0031734453761732644,0.687734033203125,0.03880488843541853,0.7917666666666667,0.011192358504305024
forget,23,0.14411678059895836,0.009039602815960926,0.95512,0.0033733069827692956,0.7459511555989583,0.08698264628622512,0.7807000000000001,0.02002048950450515
forget,24,0.14043071614583333,0.011994216703502562,0.9568666666666666,0.003827526035908262,0.7248572428385417,0.05191590498674736,0.7841666666666667,0.005900470791009443
forget,25,0.126472197265625,0.0076916930870754106,0.9612533333333334,0.0026042699979499377,0.7022918782552083,0.04386075921006203,0.7974666666666668,0.006718300049533001
forget,26,0.12161697265625,0.010311141733877585,0.9627466666666668,0.003830033362198771,0.631361962890625,0.014331650559630387,0.8065333333333333,0.009180171869608735
forget,27,0.11076656901041666,0.006333780391680346,0.9657066666666667,0.0018533812943434484,0.6261671223958333,0.015374548702818696,0.8182666666666667,0.004244473531023095
forget,28,0.10482086263020833,0.011458866424757895,0.9677199999999999,0.0038931050161364242,0.6434666015625,0.03248563531786412,0.8130000000000001,0.010400961494015811
forget,29,0.09328999023437501,0.005142740130513634,0.9713866666666666,0.0015897449131507917,0.5920961751302083,0.027670381868577194,0.8270666666666667,0.008508949536941802
forget,30,0.08558950358072916,0.009150071346552281,0.9731866666666668,0.003520807988074425,0.641852783203125,0.028134743640979773,0.8169666666666666,0.007827444595069873
forget,31,0.08518384602864583,0.007533874807829132,0.9731466666666666,0.0029082564459750335,0.5990851236979168,0.03558061951817002,0.8299666666666666,0.008322793334505455
forget,32,0.0669871337890625,0.0057943479289519475,0.9786266666666666,0.002003286189129166,0.6175761230468749,0.038663050555747085,0.8219333333333333,0.00913503633757901
forget,33,0.05889356608072916,0.004832369898587744,0.9817333333333332,0.002007275655099603,0.559523095703125,0.013875849595449326,0.8436,0.005488776427097977
forget,34,0.04982597981770834,0.005988940471791461,0.9843866666666666,0.0020086037162389435,0.6181440104166667,0.05498345704879965,0.8374333333333333,0.014484551157085327
forget,35,0.04239288899739583,0.004761056898481048,0.9870933333333333,0.0015691469727919904,0.5723413574218751,0.006149725619452436,0.8454666666666667,0.0032520079267362918
forget,36,0.03368766194661458,0.0012141774992551206,0.9898133333333333,0.0005564969801256123,0.55793056640625,0.029188208482490482,0.8497,0.004543860326491854
forget,37,0.028436346028645833,0.0026640972737757163,0.9916666666666667,0.0008341595903795929,0.5422885904947917,0.02398895344118018,0.8551666666666667,0.006449978466802998
forget,38,0.022438095296223964,0.004741271474206385,0.9939733333333334,0.0015081408716989635,0.5450824707031251,0.04487996986689112,0.8557,0.012195900950729284
forget,39,0.017607095540364586,0.003501964292683157,0.9950266666666666,0.0012138460455190388,0.5093898763020833,0.007368434581777149,0.8662000000000001,0.0024055491403557915
forget,40,0.011698933105468748,0.0007055259957538401,0.9971866666666668,0.00019136933459210081,0.5148993652343751,0.0076336994914837685,0.8670666666666667,0.0011614167593456512
forget,41,0.009510023396809895,0.0009455083527091423,0.9978266666666666,0.0002494438257849514,0.50198955078125,0.0072665813002107315,0.8719,0.0017795130420052304
forget,42,0.007754245808919269,0.0016880646015883104,0.9984133333333333,0.0005706915882408893,0.5054580078125,0.014844932480998259,0.8731333333333334,0.00437442059655395
forget,43,0.006564986979166666,0.0003801135756485085,0.9986666666666667,0.00010498677165351122,0.490410107421875,0.016143876296900832,0.8762,0.003501428280002299
forget,44,0.005215246480305989,0.000624089915653949,0.9991733333333332,8.219218670623916e-05,0.48956482747395835,0.014727890616181372,0.8764,0.004450468140169834
forget,45,0.004571251932779948,0.00045170880380495217,0.9994266666666668,0.0001236482466066293,0.4895104329427083,0.014410593930905559,0.8767,0.0035590260840104404
forget,46,0.004367322285970052,0.0006981465420976291,0.9995066666666667,0.00020997354330700362,0.49003090820312506,0.012245015670282938,0.8765333333333333,0.0032866734279849126
forget,47,0.003978323465983073,0.00040775136287273894,0.99948,0.00019595917942266891,0.4883162272135417,0.014536458222824192,0.8776333333333333,0.003320977098519183
forget,48,0.0035716536458333336,0.0001426221652886077,0.99968,0.0,0.49005279947916663,0.010277122741305059,0.8773333333333334,0.001948218559493672
forget,49,0.0037818917846679685,0.00028998306095210963,0.9995866666666666,6.798692684792099e-05,0.4892648763020833,0.013552051352918397,0.8772333333333333,0.0037187214051188043
forget,50,0.0037005400594075522,0.00028311655968734116,0.9996533333333334,0.00012364824660659736,0.49017942708333334,0.012817342450911975,0.8773666666666667,0.003120185179689724
craig,1,2.0890986338776787,0.09459154909045824,0.265758594500951,0.025434012369805088,1.7966761067708334,0.042488606088542734,0.3577333333333333,0.013881722595637112
craig,2,1.4031490107131621,0.0745994848274835,0.4671508075435276,0.028817863103064407,1.6130333984375003,0.16831774600511704,0.4381333333333333,0.041532744779136495
craig,3,1.0947184945416941,0.08877619951575491,0.5887355777303512,0.03385624212292263,1.4795424153645833,0.025796284988262197,0.5039666666666666,0.0277421860870568
craig,4,0.8622705726700698,0.08271555235984214,0.6828110036457437,0.03342586616154961,1.3596453450520833,0.011091266984566833,0.5673333333333334,0.014942184876680135
craig,5,0.6848395605939089,0.06857598305836379,0.7494570916902165,0.028763114298839404,1.24487666015625,0.08897808340081463,0.6113666666666667,0.02748397512895265
craig,6,0.562532367606023,0.058931178731442865,0.796714691556517,0.02358907970316615,1.1692221679687502,0.12718993587936261,0.6502,0.016102173766296274
craig,7,0.4579572622742943,0.054848963289387875,0.8338648156246894,0.021754370730289768,1.1513704752604166,0.13418106257353668,0.6658,0.04179880381063557
craig,8,0.3723916590073624,0.046956834439044325,0.8646942585506453,0.01932131781389207,1.17747783203125,0.16980307741046138,0.6814666666666667,0.0332130830982143
craig,9,0.31784344429276984,0.03651954533779742,0.8861361808625986,0.01364709008021152,1.1555011393229166,0.06794378322339709,0.6850333333333335,0.013699229499825497
craig,10,0.2784213432978981,0.028486271246698495,0.9014175713940035,0.010272665892134871,1.26936259765625,0.43555147618396967,0.6730666666666666,0.07399343814750663
craig,11,0.24849531700180363,0.026606977974219917,0.9123518850851055,0.010044379354496697,0.9966840169270834,0.06727598703267446,0.7267,0.012233560397529434
craig,12,0.22582323293285023,0.018908816445832415,0.9200326035550647,0.006297894683329062,0.9707550130208332,0.09240585646724599,0.7384333333333334,0.014855825643684569
craig,13,0.20859020937612796,0.02415130877116929,0.925766429198482,0.009964305411038037,0.9381625651041666,0.028872172868317968,0.7484666666666667,0.008479124692770812
craig,14,0.1887374851757803,0.01884326807670763,0.9337005028703825,0.006656930881927392,1.23951875,0.33125447910747846,0.7118666666666668,0.04299227320758413
craig,15,0.18016454372265453,0.021117094497254726,0.9359140826317511,0.007594070448820596,0.8396226888020834,0.07719136211537389,0.7768666666666667,0.01799432009150541
craig,16,0.1702266554973142,0.01656462985174043,0.9399677674631355,0.006619963307155956,0.9296926106770833,0.030736991033192246,0.7619333333333334,0.0009843215373488753
craig,17,0.1547281852127197,0.0169994921092604,0.9457416544517705,0.006878490426999005,0.883614697265625,0.1418476503854334,0.7717,0.025513917770503207
craig,18,0.1482231151292506,0.011817975819892667,0.9476084661961979,0.004665954664483454,0.9455447916666667,0.07462167520722855,0.7551,0.010198365882172827
craig,19,0.13869294979236033,0.014586764349872508,0.9508354582302924,0.0057586996760777935,0.8394004557291667,0.03238865693440229,0.7822999999999999,0.002550816862627898
craig,20,0.13278678850886005,0.015254942531054494,0.9527955787689163,0.006729770404228569,0.8976181966145833,0.05063625799557202,0.7683666666666666,0.011192358504305023
craig,21,0.12892771431492256,0.01001544414493623,0.9551024635904012,0.004185823325661425,0.88808525390625,0.07168431576566547,0.7812666666666667,0.011092740368767723
craig,22,0.11483731501160577,0.011902667136399373,0.9605696652449135,0.004585032327661395,0.8101932779947917,0.048867443261035336,0.7906333333333334,0.012613572936413485
craig,23,0.10638699410393793,0.012167196515357468,0.9626765436670386,0.0047168959456164615,0.8494095540364582,0.043096138128995085,0.7883666666666667,0.009993442294269203
craig,24,0.10511268055098678,0.004810930420254569,0.9636499586073487,0.0018760762444229486,0.789665966796875,0.06842433234675245,0.7996333333333334,0.012822982838984393
craig,25,0.09598393462856587,0.015227689415619047,0.9663302055643429,0.005947211150368713,0.7590737141927084,0.022926413103850924,0.8079000000000001,0.005984981202978028
craig,26,0.08607845804644099,0.006962992736088805,0.9693438162575508,0.002883141552614202,0.8295867350260417,0.0740165125773857,0.7975666666666665,0.015535193021724016
craig,27,0.08492832959709183,0.00793896891007356,0.9704905917349707,0.0027130817276052265,0.7947884114583333,0.04297460065033161,0.8003333333333335,0.008730533902472538
craig,28,0.07406765444106268,0.009680863255260604,0.9749843667134929,0.003838205072535366,0.7437133138020834,0.02438394415045363,0.8142666666666667,0.006380351784101634
craig,29,0.06850685360641486,0.0103604763716381,0.9763311635265928,0.004252499735393411,0.7952701660156251,0.08327943010279149,0.8101333333333334,0.011301425672109776
craig,30,0.060107166897757004,0.01032711281614117,0.9797447880854006,0.0037605704860521616,0.7733985351562499,0.029385023186226447,0.8166666666666668,0.002752372713779042
craig,31,0.05180482968794716,0.006758540565016778,0.9818116414362289,0.0023385384055814745,0.73203896484375,0.04488280756525332,0.8245666666666667,0.008818667069851847
craig,32,0.04700646842679826,0.005554015854306617,0.9842118739930313,0.002222234681768411,0.6975058430989584,0.03612037356884146,0.832,0.006261522711502905
craig,33,0.041283296373143784,0.00783533405638686,0.9859320265403606,0.0033966108888950153,0.7249960449218751,0.054932479285308,0.8288333333333333,0.01108312029870448
craig,34,0.03207132109275965,0.005950134269014344,0.9896390559106472,0.002292577429405645,0.6609799479166667,0.020700590991535865,0.8461666666666666,0.002145279054627215
craig,35,0.02965528635910451,0.006784230638769491,0.991092500718989,0.00197718742457972,0.65383349609375,0.01499891398382008,0.8461666666666666,0.00040276819911982676
craig,36,0.022120423534134615,0.004739152387999533,0.9933860660767091,0.0018580802206408368,0.64223193359375,0.017710723967788524,0.8501,0.0037656340767525786
craig,37,0.02057917251386329,0.0032896626654207502,0.9939594255430982,0.0009934639046216833,0.6488315266927084,0.022538213600725592,0.8531,0.003476588366008658
craig,38,0.015991107187519227,0.0038473192770928258,0.9953995620899155,0.0011690629214813801,0.6312443196614583,0.014972395775087343,0.8543666666666666,0.0019754043186705115
craig,39,0.013014426225654947,0.002588229958834769,0.9963863322344714,0.0007662224308401625,0.61968701171875,0.01019971942009258,0.8566333333333334,0.0013097921802925562
craig,40,0.010192912857416461,0.0020307062868364905,0.9975731061111871,0.0006869506919163218,0.5938701985677083,0.005340193374351545,0.8633666666666667,0.0015412837362262705
craig,41,0.007694895219259773,0.001431234081219766,0.9983598522528627,0.00036369575478579407,0.6057558756510416,0.0022456384687511623,0.8626999999999999,0.0003559026084010565
craig,42,0.005986102467307477,0.0007345663126000145,0.9989732357236684,9.980618574892023e-05,0.5977943033854166,0.0038599051511829787,0.8641666666666666,0.0013299958228840095
craig,43,0.005111889169588232,0.0010551646848260402,0.9992799354606715,0.0003709706789334866,0.5910761555989583,0.002323282429248299,0.8659333333333333,0.0011614167593456512
craig,44,0.004567769010553742,0.0004971924392026031,0.9993332741278929,0.00016111191362323056,0.5980778157552084,0.0057683739736734945,0.8651666666666666,0.0019067132861433633
craig,45,0.004408735666491565,0.0004841244713788252,0.9994132746605647,0.00028538068802920924,0.5936993326822916,0.005001192775446522,0.8660333333333333,0.0010498677165349287
craig,46,0.0038941842922802766,0.0004091628443731872,0.9994532842621009,0.00015435177164371325,0.5909083821614582,0.007426155420256966,0.8665666666666666,0.00061282587702832
craig,47,0.0037011693241840345,0.0003518040672415791,0.9994532826617809,3.7710476262320234e-05,0.5913895670572916,0.008870608507893623,0.8676666666666666,0.00024944382578494153
craig,48,0.003294090812861729,0.00033521895738938335,0.9996533002633811,0.00010499788138124013,0.592109033203125,0.008586462775682821,0.8676666666666667,0.0002867441755681033
craig,49,0.0035237932959855667,0.0006722234510358415,0.9995999626630397,0.00016331238135028898,0.5918151041666667,0.01069072873326854,0.8670666666666667,0.00012472191289245098
craig,50,0.003358135423704063,0.00042145545988704603,0.9995866282629543,4.989133144905193e-05,0.5900015950520833,0.002916120987391319,0.8663666666666666,0.0016996731711975963
